{"cameraMode":{"drawMode":0,"name":"Shaded","section":"Shading Mode"},"sceneLighting":true,"audioPlay":false,"sceneViewState":{"showFog":true,"showMaterialUpdate":false,"showSkybox":true,"showFlares":true,"showImageEffects":true,"showParticleSystems":true},"in2DMode":false,"pivot":{"x":3.9192206859588625,"y":0.9636474847793579,"z":2.657557487487793},"rotation":{"x":-0.2345510870218277,"y":-0.300781786441803,"z":0.07658176124095917,"w":-0.9212308526039124},"size":6.876793384552002,"orthographic":false}