{"cameraMode":{"drawMode":0,"name":"Shaded","section":"Shading Mode"},"sceneLighting":true,"audioPlay":false,"sceneViewState":{"showFog":true,"showMaterialUpdate":false,"showSkybox":true,"showFlares":true,"showImageEffects":true,"showParticleSystems":true},"in2DMode":false,"pivot":{"x":-4.770773410797119,"y":-5.65015172958374,"z":11.616519927978516},"rotation":{"x":0.2761012613773346,"y":-0.26379629969596865,"z":0.07909826189279556,"w":0.9208335280418396},"size":11.411661148071289,"orthographic":false}