{"cameraMode":{"drawMode":0,"name":"Shaded","section":"Shading Mode"},"sceneLighting":false,"audioPlay":false,"sceneViewState":{"showFog":true,"showMaterialUpdate":false,"showSkybox":false,"showFlares":true,"showImageEffects":true,"showParticleSystems":true},"in2DMode":false,"pivot":{"x":-0.053544387221336368,"y":1.0366709232330323,"z":0.0754254162311554},"rotation":{"x":-0.02245415188372135,"y":0.9773435592651367,"z":-0.15853512287139893,"w":-0.1384257674217224},"size":0.17320509254932404,"orthographic":false}