{"cameraMode":{"drawMode":1,"name":"Wireframe","section":"Shading Mode"},"sceneLighting":true,"audioPlay":false,"sceneViewState":{"showFog":false,"showMaterialUpdate":false,"showSkybox":false,"showFlares":false,"showImageEffects":false,"showParticleSystems":false},"in2DMode":false,"pivot":{"x":15.589017868041993,"y":-10.506318092346192,"z":31.427560806274415},"rotation":{"x":0.7470153570175171,"y":-0.09601781517267227,"z":0.11060915142297745,"w":0.6484706997871399},"size":10.183101654052735,"orthographic":true}