{"cameraMode":{"drawMode":0,"name":"Shaded","section":"Shading Mode"},"sceneLighting":true,"audioPlay":false,"sceneViewState":{"showFog":true,"showMaterialUpdate":false,"showSkybox":true,"showFlares":true,"showImageEffects":true,"showParticleSystems":true},"in2DMode":false,"pivot":{"x":-1.416797399520874,"y":-1.7810735702514649,"z":22.360864639282228},"rotation":{"x":-0.10182740539312363,"y":0.0769319236278534,"z":-0.007885897532105446,"w":-0.9918011426925659},"size":14.489009857177735,"orthographic":false}