{"cameraMode":{"drawMode":0,"name":"Shaded","section":"Shading Mode"},"sceneLighting":true,"audioPlay":false,"sceneViewState":{"showFog":false,"showMaterialUpdate":false,"showSkybox":true,"showFlares":true,"showImageEffects":true,"showParticleSystems":true},"in2DMode":false,"pivot":{"x":-17.523754119873048,"y":-110.51628112792969,"z":-141.69593811035157},"rotation":{"x":0.031094491481781007,"y":-0.9401018619537354,"z":0.32768478989601138,"w":0.0890754908323288},"size":95.79790496826172,"orthographic":false}